{"cameraMode":{"drawMode":0,"name":"Shaded","section":"Shading Mode"},"sceneLighting":false,"audioPlay":false,"sceneViewState":{"m_AlwaysRefresh":false,"showFog":true,"showSkybox":true,"showFlares":true,"showImageEffects":true,"showParticleSystems":true,"showVisualEffectGraphs":true,"m_FxEnabled":true},"in2DMode":false,"pivot":{"x":-46.210182189941409,"y":1.1674535274505616,"z":-0.9980027079582214},"rotation":{"x":0.23149406909942628,"y":-0.1117810606956482,"z":0.02678675577044487,"w":0.9660258293151856},"size":2.163456678390503,"orthographic":false}